Workbook

Sheet Ethiopia
A2: Reaching farmers type | B2: Main partners | C2: How do we achieve the goal | D2: who will be involved | E2: Estimated goal 2026 | F2: Estimated goal 2027. assumed 5% increase and 5% spill over effect from the base year | G2: Estimated goal 2028. assumed 5% increase and 5% spill over effect from the base year | H2: Means of verification | I2: Remark
A3: Direct pump deployment/enabling condition | B3: Farm Africa; MOA; Central Ethiopia Bureau of Agriculture; GSE; Ethiopian Standard Authority; MILLS | C3: in collaboration with SOLAR 2 and NSSID, we are working on instalation of 3 larger size pumps that will serve about 60 farms and 420 family mebers | D3: 60 farms for direct provision and instalation and blended finacing in 2026 and then after there will be spill over effect as 10% annually | E3: 60 | F3: =(E3*0.1)+E3 -> 66 | G3: =(F3*10%)+F3 -> 72.6 | H3: installed pumps | I3: Provision, installation, and commissioning of appropriate irrigation pumps, including site assessment, sizing, and basic user training
C4: as part of SOLAR project, we are working on : standard development; solar suitability mapping; , BCR; market segmentation; and a basic users training manual. Government programs will benefit and IWMI activities will be imapct 10% of their achievement. | D4: government programs such as: PACT 100 solar pumps; CREW-WHEAT 180 solar pumps; PSNP- 400 solar pumps; EFSRP- FLID 20000 ha. These programs will use the tools developed by S4I and W3 in their planned pump deployment | E4: =(100+180+400+( 20000/5))*0.1 -> 468 | F4: =E4+E4*0.1 -> 514.8 | G4: =(F4*10%)+F4 -> 566.28 | H4: tools developed and partners has access to it and training offered on how to use
A5: Digital advisory services | B5: MOA (Government programs (PACT, CREW-WHEAT and PSNP) and FLID) | C5: Promote and support to use the solar pump sizing developed by SOLAR bilteral ( SOLAR II). government programs will benefit and IWMI actvities will impact 10 of their achivement | D5: government programs such as ( PACT 100 solar pumps; CREW-WHEAT 180 solar pumps; PSNP- 400 solar pumps; EFSRP- Flid 20000 ha | E5: =(4680)*0.1 -> 468 | F5: =E5+E5*0.1 -> 514.8 | G5: =(F5*10%)+F5 -> 566.28 | H5: tool completed and training on use offered to the MoA staff and users | I5: (Mobile- or platform-based advisories delivering timely guidance on irrigation scheduling, weather, crop water needs, and system maintenance.)
A6: Financial services | B6: Green Scene LEWEGEN micro finance; Awash Bank; SINKE BANK | C6: Private sector- solar pump suppliers will broker between farmers and financial institutions, providing access to credit ( MoU signed already) | D6: farmers; LEWEGEN micro finace; GSE; AWASH; SINKE BANK | E6: 300 | F6: 330 | G6: =(F6*10%)+F6 -> 363 | H6: About 300 farms have accessed credit and owned solar pumps | I6: Access to tailored financing options such as pay-as-you-go, credit, leasing, insurance, or results-based subsidies to reduce upfront investment barriers.
A7: Extension and agronomic support | B7: National Media houses (eg, ETV) and IWMI and GSE will give training of trainers | C7: Capacity building through TOT, social media, and mainstream media (broadcasting solar pump documentary video to national TV, and blogstories) | D7: extension agents ; IWMI; GSE | E7: 50000 | F7: 50000 | G7: =(F7*10%)+F7 -> 55000 | H7: evidence in mainstream media and blogstories | I7: Ongoing technical backstopping on crop choice, water management, soil health, and productivity optimization to ensure effective pump use and sustained benefits.
A8: Policy support | B8: Ministry of Agriculture and Ministry of irrigation and low land | C8: develop policy brief that will impact goverment policy on rehabilitation and manitenace of irrigation schmes through out the country. This will start impacting in 2027 onwards. This is also inline with the 10-year development strategy of EFDRP | D8: EIAR; ADAM UNIVERSITY; MoA; MILLS; IWMI; Farm Africa | E8: 1 complted policy brief | F8: =1300000*0.01/0.25 -> 52000 | G8: =0.01*1300000/0.25 -> 52000 | I8: IWMI ministry of agriculture and member of agrcultural water management platform. We assumed 2-5 % of 1.3 million ha of irrigation will be rehabilitated
A9: Total | E9: =E3+E4+E5+E6+E7 -> 51296 | F9: =F3+F4+F5+F6+F7+F8 -> 103425.6 | G9: =G3+G4+G5+G6+G7+G8 -> 108568.16

Sheet Nigeria
A1: Reaching farmers type | B1: Main Partners | C1: How do we achieve the goal | D1: No. of farmers reached in 2026 | E1: No of farmers reached in 2027 (assumed 5% increase and 5% spill over) | F1: No of farmers reached in 2028 (assumed 5% increase and 5% spill over) | G1: State the evidence (e.g., partners' plan, or others ) | H1: Remarks
A2: Direct solar pump deployment for SSI | B2: Bank of Agriculture (BOA).; | C2: 1) Provide technical assistance (eg, implement co-design pathways, selection of solar kits, strategy to raise funds and alternative finance products) to BoA to deploy solar and FLID. | D2: 10000 | E2: =0.1*D2+D2 -> 11000 | F2: =0.1*E2+E2 -> 12100 | G2: Targets are based on existing MOU with IWMI, and align with the National Economic Council mandate to directly empower at least 5% of the BOA targets | H2: The BOA is leading the mobilization of Finnancial Institutions (including donor agencies)
B3: Rural Electrification Agency (REA); | C3: 2) Strategic alignment with REA working with CeeSolar and other private suppliers to scale existing standalone solar solutions among rural farmers for irrigation | D3: 50 | E3: =0.1*D3+D3 -> 55 | F3: =0.1*E3+E3 -> 60.5 | G3: National Economic Council approval for Solar Scaling with BOA/ NASENI
A4: Extension and agronomic support to adopt FLID | B4: National Agricultural Extension and Research Liaison Services (NAERLS) under the Federal Ministry of Agriculture and Food Security (FMA&FS) | C4: Capacity building and awareness creation on SPIS and FLID scaling pathways using the National Electronic Extension Platform (NEEP); and targeting NAERLS Zonal offices across the targeted states | D4: 20000 | E4: =0.1*D4+D4 -> 22000 | F4: =0.1*E4 +E4 -> 24200 | G4: NEEP is the federal government's flagship platform for extension services, and it is active in the FMA&FS
A5: Digital advisory | B5: Public, private and financial institution in Nigeria (IFPRI) | C5: Solar irrigation potential explorer_poly vr1 | D5: 4000 | E5: =0.1*D5+D5 -> 4400 | F5: =0.1*E5 +E5 -> 4840
A6: Financial services and policy | B6: financial institutions (other than BoA) and private suppliers in Nigeria (through IFPRI) | C6: Technical assistance to local financial institutions and private solar suppliers to design appropriate financial product | D6: 5000 | E6: =0.1*D6+D6 -> 5500 | F6: =0.1*E6+E6 -> 6050
A7: Total | D7: =SUM(D2:D6) -> 39050 | E7: =SUM(E2:E6) -> 42955 | F7: =SUM(F2:F6) -> 47250.5

Sheet Kenya
A1: Reaching farmers type | B1: Main Partners | C1: How do we achieve the goal | D1: No. of farmers reached in 2026 | E1: No. of farmers reached in 2027 ((assumed 10% increase and 10% spill over) | F1: No. of farmers reached in 2028 (assumed 10% increase and 10% spill over) | G1: Evidence (e.g. partners' plan, or others) | H1: Remarks
A2: Direct solar pump deployment for SSI | B2: State Department Irrigation - Ministry of Water, sanitation and Irrigation; SNV | C2: 1) Provide technical assistance in the deployment of pumps as part of the FLID pathway National Irrigation Sector Investment Plan; 2) Provide technical support to SNV Power For Food Partnership | D2: 5000 | E2: =0.1*D2+D2 -> 5500 | F2: =0.1*E2+E2 -> 6050 | G2: IWMI MoU with Ministry of Water, Sanitation and Irrigation (State Department for Irrigation)
A3: Capacity building on solar irrigation | B3: Strathmore University | C3: Curriculum development and capacityh building on solar irrigation (installation, maintenmance etc.) | D3: 5000 | E3: =0.2*D3+D3 -> 6000 | F3: =0.2*E3+E3 -> 7200 | G3: Sub-agreement with Strathmore under SoLAR Phase II Project
A4: Extension and agronomic support | B4: Media houses (Citizen TV, KTN) | C4: Capacity building through mainstream and social media | D4: 30000 | E4: =0.2*D4+D4 -> 36000 | F4: =0.2*E4+E4 -> 43200
A5: Financial services | B5: S4I AoW3 | C5: Technical assistance to SMEs on enabling environment and to design appropriate financial product | D5: 2000 | E5: =0.2*D5+D5 -> 2400 | F5: =0.2*E5+E5 -> 2880
A7: Total | D7: =SUM(D2:D6) -> 42000 | E7: =SUM(E2:E6) -> 49900 | F7: =SUM(F2:F6) -> 59330

Sheet Summary
D1: 2026 | G1: 2027 | J1: 2028
C2: Farmers reached by | D2: Ethiopia | E2: Nigeria | F2: Kenya | G2: Ethiopia | H2: Nigeria | I2: Kenya | J2: Ethiopia | K2: Nigeria | L2: Kenya
C3: SPIS deployment by public and private | D3: =Ethiopia!E3+Ethiopia!E4 -> 528 | E3: =Nigeria!D2+Nigeria!D3 -> 10050 | F3: =Kenya!D2 -> 5000 | G3: =Ethiopia!F3+Ethiopia!F4 -> 580.8 | H3: =Nigeria!E2+Nigeria!E3 -> 11055 | I3: =Kenya!E2 -> 5500 | J3: =Ethiopia!G3+Ethiopia!G4 -> 638.88 | K3: =Nigeria!F2+Nigeria!F3 -> 12160.5 | L3: =Kenya!F2 -> 6050
C4: to | D4: =Ethiopia!E5 -> 468 | E4: =Nigeria!D5 -> 4000 | F4: =Kenya!D3 -> 5000 | G4: =Ethiopia!F5 -> 514.8 | H4: =Nigeria!E5 -> 4400 | I4: =Kenya!E3 -> 6000 | J4: =Ethiopia!G5 -> 566.28 | K4: =Nigeria!F5 -> 4840 | L4: =Kenya!F3 -> 7200
C5: Extension and agronomic support | D5: =Ethiopia!E7 -> 50000 | E5: =Nigeria!D4 -> 20000 | F5: =Kenya!D4 -> 30000 | G5: =Ethiopia!F7 -> 50000 | H5: =Nigeria!E4 -> 22000 | I5: =Kenya!E4 -> 36000 | J5: =Ethiopia!G7 -> 55000 | K5: =Nigeria!F4 -> 24200 | L5: =Kenya!F4 -> 43200
C6: Finance access and policy support | D6: =Ethiopia!E6 -> 300 | E6: =Nigeria!D6 -> 5000 | F6: =Kenya!D5 -> 2000 | G6: =Ethiopia!F6+Ethiopia!F8 -> 52330 | H6: =Nigeria!E6 -> 5500 | I6: =Kenya!E5 -> 2400 | J6: =Ethiopia!G6+Ethiopia!G8 -> 52363 | K6: =Nigeria!F6 -> 6050 | L6: =Kenya!F5 -> 2880
C7: Total | D7: =SUM(D3:D6) -> 51296 | E7: =SUM(E3:E6) -> 39050 | F7: =SUM(F3:F6) -> 42000 | G7: =SUM(G3:G6) -> 103425.6 | H7: =SUM(H3:H6) -> 42955 | I7: =SUM(I3:I6) -> 49900 | J7: =SUM(J3:J6) -> 108568.16 | K7: =SUM(K3:K6) -> 47250.5 | L7: =SUM(L3:L6) -> 59330
D8: =D7+E7+F7 -> 132346 | G8: =G7+H7+I7 -> 196280.6 | J8: =J7+K7+L7 -> 215148.66
D11: 2026 | G11: 2027 | H11: 2028
C12: Farmers reached by | D12: Ethiopia | E12: Nigeria | F12: Kenya
C13: SPIS deployment by public and private | D13: 528 | E13: 10050 | F13: 5000 | G13: =SUM(G3:I3) -> 17135.8 | H13: =SUM(J3:L3) -> 18849.38 | J13: =SUM(D13:F13) -> 15578
C14: Capacity building on solar and FLID (use of digital tools and curriculum) | D14: 468 | E14: 4000 | F14: 5000 | G14: =SUM(G4:I4) -> 10914.8 | H14: =SUM(J4:L4) -> 12606.28 | J14: =SUM(D14:F14) -> 9468
C15: Extension and agronomic support | D15: 50000 | E15: 20000 | F15: 30000 | G15: =SUM(G5:I5) -> 108000 | H15: =SUM(J5:L5) -> 122400 | J15: =SUM(D15:F15) -> 100000
C16: Finance access and policy support | D16: 300 | E16: 5000 | F16: 2000 | G16: =SUM(G6:I6) -> 60230 | H16: =SUM(J6:L6) -> 61293 | J16: =SUM(D16:F16) -> 7300
C17: Total | D17: =D13+D14+D15+D16 -> 51296 | E17: 39050 | F17: 42000 | G17: =SUM(G13:G16) -> 196280.6 | H17: =SUM(H13:H16) -> 215148.66
